Size_2,KMP_AFFINITY_compact,KMP_AFFINITY_scatter,omp_proc_bind_master,omp_proc_bind_spread,omp_proc_bind_close
1.Threads,2.374859,2.340922,2.179960,2.187847,2.182522
2.Threads,2.039439,0.817217,0.818705,0.820011,0.819280
4.Threads,1.072749,0.416775,0.511054,0.516989,0.513605
8.Threads,0.797715,0.217845,0.377539,0.298807,0.247697
10.Threads,0.608996,0.178777,0.196402,0.309522,0.194447
12.Threads,0.589513,0.152385,0.337595,0.280387,0.260414
16.Threads,0.583791,0.118953,0.211349,0.218335,0.212116
24.Threads,0.175414,0.143957,0.335315,0.188902,0.214962
32.Threads,0.113330,0.117232,0.374943,0.396552,0.379433
