Size_2,Default,GOMP_CPU_AFFINITY_Interlieving,GOMP_CPU_AFFINITY_bindingSocket0_then_Socket1,numactl_interleave_all_only
1.Threads,0.821824,0.820739,0.822819,0.942162
2.Threads,0.357454,0.353623,0.461442,0.492995
4.Threads,0.174067,0.242720,0.365624,0.279158
8.Threads,0.093901,0.152936,0.371686,0.227970
10.Threads,0.080072,0.133933,0.430795,0.270221
12.Threads,0.076808,0.117755,0.426719,0.289717
16.Threads,0.088940,0.096284,0.397470,0.233431
24.Threads,0.067220,0.102593,0.124968,0.077191
32.Threads,0.059584,0.082867,0.072891,0.052745
