Size_1,Default,GOMP_CPU_AFFINITY_Interlieving,GOMP_CPU_AFFINITY_bindingSocket0_then_Socket1,numactl_interleave_all_only
1.Threads,0.391368,0.389041,0.387260,0.411979
2.Threads,0.191538,0.190831,0.196641,0.208716
4.Threads,0.096111,0.142130,0.110033,0.107067
8.Threads,0.060114,0.082509,0.062689,0.057379
10.Threads,0.069588,0.074404,0.107737,0.111029
12.Threads,0.043135,0.070216,0.105121,0.096987
16.Threads,0.050849,0.050392,0.053846,0.052355
24.Threads,0.035517,0.058826,0.044490,0.036243
32.Threads,0.120088,0.049311,0.050641,0.032662
