Size_3,Default,GOMP_CPU_AFFINITY_Interlieving,GOMP_CPU_AFFINITY_bindingSocket0_then_Socket1,numactl_interleave_all_only
1.Threads,5.108126,5.090533,5.095354,5.802466
2.Threads,2.728183,2.645348,2.942152,3.015184
4.Threads,1.583334,2.044621,2.455401,1.685114
8.Threads,1.309720,1.562296,2.640388,1.538174
10.Threads,1.310081,1.600380,2.746582,2.005291
12.Threads,1.322669,1.651641,2.886421,1.885960
16.Threads,1.511753,1.617095,2.736988,1.578617
24.Threads,1.524787,1.616930,1.938677,1.349722
32.Threads,1.479357,1.629343,1.489668,1.344771
