Size_5,Default,GOMP_CPU_AFFINITY_Interlieving,GOMP_CPU_AFFINITY_bindingSocket0_then_Socket1,numactl_interleave_all_only
1.Threads,53.406161,53.588705,53.694695,60.369716
2.Threads,29.210957,27.038164,29.525651,31.152256
4.Threads,17.245122,19.853033,22.495194,16.823420
8.Threads,12.118498,14.889839,23.562499,14.488888
10.Threads,11.603936,14.369797,24.873841,19.126534
12.Threads,11.242168,13.914311,25.972637,17.117768
16.Threads,11.947793,13.589875,25.158083,14.553429
24.Threads,13.375797,12.923772,16.904224,12.215110
32.Threads,12.132767,12.618965,12.610813,12.395157
