Size_3,Default,GOMP_CPU_AFFINITY_Interlieving,GOMP_CPU_AFFINITY_bindingSocket0_then_Socket1,numactl_interleave_all_only
1.Threads,8.868627,8.804066,8.804863,10.550394
2.Threads,5.126253,4.537964,4.980241,5.162992
4.Threads,2.719135,2.683713,4.010968,2.887746
8.Threads,2.264752,2.252356,4.036530,2.225843
10.Threads,2.228516,2.194893,4.247233,2.338842
12.Threads,2.159626,2.193800,4.291059,2.195799
16.Threads,2.226250,2.187492,4.243069,2.108983
24.Threads,2.395358,2.351609,2.719311,2.193777
32.Threads,2.257304,2.269464,2.345606,2.257980
