Size_5,Default,GOMP_CPU_AFFINITY_Interlieving,GOMP_CPU_AFFINITY_bindingSocket0_then_Socket1,numactl_interleave_all_only
1.Threads,54.307013,53.843855,54.050827,61.105702
2.Threads,33.255949,34.041600,29.636873,29.781262
4.Threads,23.624829,23.288747,22.458627,16.108974
8.Threads,22.684283,22.593724,23.003092,11.939468
10.Threads,23.192505,23.015171,23.062302,11.736327
12.Threads,23.538342,23.300131,23.810360,11.962681
16.Threads,23.750948,23.754510,25.074271,12.252086
24.Threads,24.362561,24.473934,24.232858,12.506491
32.Threads,24.754000,25.190536,25.941263,12.566724
