Size_5,Default,KMP_AFFINITY_compact,KMP_AFFINITY_scatter
1.Threads,52.787093,52.838294,52.606616
2.Threads,28.622262,52.403252,26.318527
4.Threads,16.688463,29.576310,14.521156
8.Threads,12.503519,22.737389,11.382000
10.Threads,11.892193,25.006806,11.042702
12.Threads,11.819734,26.441275,10.937235
16.Threads,12.625100,25.835130,11.278678
24.Threads,13.831867,17.188901,12.123629
32.Threads,12.386503,12.948053,12.754828
