Size_3,Default,KMP_AFFINITY_compact,KMP_AFFINITY_scatter
1.Threads,5.279329,5.124118,5.305864
2.Threads,2.650114,5.581818,2.652743
4.Threads,1.934766,3.204498,1.467153
8.Threads,1.335411,2.448220,1.217665
10.Threads,1.413056,2.534513,1.249665
12.Threads,1.386511,2.755312,1.224779
16.Threads,1.369188,2.792989,1.268423
24.Threads,1.471848,1.859857,1.313423
32.Threads,1.485268,1.407479,1.381003
