Size_1,Default,KMP_AFFINITY_compact,KMP_AFFINITY_scatter
1.Threads,0.382120,0.411519,0.412968
2.Threads,0.206595,0.397430,0.205535
4.Threads,0.104089,0.199928,0.104166
8.Threads,0.053276,0.100984,0.053421
10.Threads,0.042975,0.080578,0.042986
12.Threads,0.036125,0.068139,0.036486
16.Threads,0.051264,0.051070,0.027937
24.Threads,0.035935,0.034996,0.036735
32.Threads,0.028254,0.026583,0.029500
