Size_4,Default,KMP_AFFINITY_compact,KMP_AFFINITY_scatter
1.Threads,22.650218,22.604592,22.556775
2.Threads,12.405010,22.966023,11.285606
4.Threads,7.410720,12.989838,6.420541
8.Threads,5.353304,9.744031,5.136436
10.Threads,5.197584,10.779991,4.897125
12.Threads,5.456974,11.559294,4.873104
16.Threads,5.303438,11.250626,4.982674
24.Threads,6.019527,7.545294,5.269470
32.Threads,5.487841,5.682919,5.509278
