Size_2,Default,KMP_AFFINITY_compact,KMP_AFFINITY_scatter
1.Threads,0.824562,0.858827,0.860589
2.Threads,0.390885,0.787604,0.391337
4.Threads,0.239068,0.438037,0.197003
8.Threads,0.100723,0.359673,0.099937
10.Threads,0.081941,0.370651,0.081005
12.Threads,0.067675,0.370534,0.068028
16.Threads,0.093159,0.473377,0.051831
24.Threads,0.063664,0.077196,0.063844
32.Threads,0.049535,0.047659,0.050914
