Size_4,omp_proc_bind_master,omp_proc_bind_spread,omp_proc_bind_close
1.Threads,22.557021,22.578268,22.642058
2.Threads,12.304188,11.470434,12.657497
4.Threads,7.432427,7.532138,7.388033
8.Threads,5.087996,5.177831,5.065727
10.Threads,4.823713,5.137754,5.130631
12.Threads,4.846568,4.893243,4.938793
16.Threads,5.029343,5.504915,5.196688
24.Threads,5.479052,6.363869,5.328639
32.Threads,5.441313,5.548108,5.448793
