Size_5,omp_proc_bind_master,omp_proc_bind_spread,omp_proc_bind_close
1.Threads,52.811154,52.796447,52.716097
2.Threads,29.300460,29.817148,30.089194
4.Threads,16.954051,16.601883,16.648493
8.Threads,12.425389,11.405173,11.189109
10.Threads,11.270572,11.417364,11.884926
12.Threads,11.283306,11.328158,10.887089
16.Threads,11.402438,11.310768,11.358653
24.Threads,13.505678,13.405733,12.984206
32.Threads,12.323699,11.940737,12.011192
