Size_2,omp_proc_bind_master,omp_proc_bind_spread,omp_proc_bind_close
1.Threads,0.824066,0.834122,0.831823
2.Threads,0.395933,0.394318,0.393215
4.Threads,0.237433,0.243063,0.233272
8.Threads,0.099495,0.119198,0.158440
10.Threads,0.094683,0.087162,0.103545
12.Threads,0.110291,0.098409,0.116573
16.Threads,0.112251,0.135319,0.122505
24.Threads,0.125993,0.129249,0.119651
32.Threads,0.166896,0.170239,0.234461
