Size_3,omp_proc_bind_master,omp_proc_bind_spread,omp_proc_bind_close
1.Threads,5.252989,5.271188,5.268308
2.Threads,2.659228,2.708745,2.690996
4.Threads,1.882263,1.750728,1.734263
8.Threads,1.298913,1.245705,1.244839
10.Threads,1.271637,1.221783,1.262878
12.Threads,1.230864,1.302356,1.254199
16.Threads,1.283415,1.272922,1.283141
24.Threads,1.261081,1.501682,1.531571
32.Threads,1.392086,1.323052,1.345272
