Size_1,omp_proc_bind_master,omp_proc_bind_spread,omp_proc_bind_close
1.Threads,0.383125,0.378996,0.397228
2.Threads,0.207312,0.207618,0.211615
4.Threads,0.109278,0.103718,0.104335
8.Threads,0.070582,0.101117,0.072439
10.Threads,0.064027,0.078299,0.067820
12.Threads,0.058787,0.071463,0.093208
16.Threads,0.085096,0.087670,0.075621
24.Threads,0.079509,0.080232,0.107913
32.Threads,0.131030,0.117906,0.216789
