Size_5,Default,KMP_AFFINITY_compact,KMP_AFFINITY_scatter
1.Threads,52.634982,52.934218,52.949498
2.Threads,26.469415,52.503857,27.196503
4.Threads,17.275700,30.461893,14.729384
8.Threads,12.019343,22.511878,11.794288
10.Threads,11.552205,24.459987,11.002377
12.Threads,11.644275,25.474910,10.759254
16.Threads,13.387977,25.430342,11.060465
24.Threads,13.930752,17.278810,12.037359
32.Threads,12.233658,12.843515,12.426641
