Size_1,Default,GOMP_CPU_AFFINITY_Interlieving,GOMP_CPU_AFFINITY_bindingSocket0_then_Socket1,numactl_interleave_all_only
1.Threads,0.263407,0.263109,0.262617,0.263669
2.Threads,0.149280,0.151500,0.134945,0.149047
4.Threads,0.079950,0.080258,0.069818,0.079473
8.Threads,0.046594,0.047118,0.038636,0.046603
10.Threads,0.042106,0.042184,0.052304,0.042071
12.Threads,0.040006,0.039974,0.045234,0.039576
16.Threads,0.045584,0.039661,0.036550,0.044888
24.Threads,0.037551,0.039348,0.038146,0.037389
32.Threads,0.688365,0.035618,0.034511,1.567139
