Size_2,Default,GOMP_CPU_AFFINITY_Interlieving,GOMP_CPU_AFFINITY_bindingSocket0_then_Socket1,numactl_interleave_all_only
1.Threads,2.497072,2.498611,2.498983,2.956422
2.Threads,1.048506,1.047233,1.335760,1.047833
4.Threads,0.545473,0.534463,0.847458,0.532322
8.Threads,0.285183,0.286259,0.684717,0.275591
10.Threads,0.231042,0.230087,0.744782,0.227361
12.Threads,0.198746,0.198388,0.713489,0.195856
16.Threads,0.247395,0.161966,0.706510,0.245814
24.Threads,0.178414,0.179699,0.236246,0.177167
32.Threads,1.057477,0.150259,0.151667,0.970212
