Size_5,Default,GOMP_CPU_AFFINITY_Interlieving,GOMP_CPU_AFFINITY_bindingSocket0_then_Socket1,numactl_interleave_all_only
1.Threads,42.282135,39.491233,39.546819,47.438586
2.Threads,24.514040,26.361212,22.083632,23.151528
4.Threads,17.584791,18.819119,18.079710,12.927581
8.Threads,15.899636,17.750739,17.997239,9.706787
10.Threads,17.240108,17.950478,18.569735,9.474737
12.Threads,18.055123,18.344529,18.485274,9.447712
16.Threads,18.987808,19.012233,19.113081,10.180812
24.Threads,16.077281,19.373488,19.239350,10.123432
32.Threads,18.639653,19.973288,20.116931,10.519876
