Size_3,Default,GOMP_CPU_AFFINITY_Interlieving,GOMP_CPU_AFFINITY_bindingSocket0_then_Socket1,numactl_interleave_all_only
1.Threads,9.493559,9.496675,9.463251,11.375441
2.Threads,6.419616,6.419567,5.275865,5.581313
4.Threads,4.411563,4.405548,4.214250,3.053957
8.Threads,4.002793,4.000215,4.119850,2.273774
10.Threads,4.097634,4.095466,4.257826,2.215476
12.Threads,4.188899,4.189022,4.241274,2.219966
16.Threads,4.411310,4.336291,4.390335,2.417182
24.Threads,4.479377,4.480411,4.432517,2.390267
32.Threads,4.661765,4.624033,4.629371,2.514433
