Size_4,Default,GOMP_CPU_AFFINITY_Interlieving,GOMP_CPU_AFFINITY_bindingSocket0_then_Socket1,numactl_interleave_all_only
1.Threads,21.378749,21.316977,21.391711,25.494713
2.Threads,14.509119,14.514499,12.075228,12.637110
4.Threads,10.236931,10.221108,9.866508,6.926941
8.Threads,9.664320,9.673751,9.998505,5.210470
10.Threads,9.681414,9.926664,10.269943,5.088018
12.Threads,8.726518,10.160181,10.218740,5.106643
16.Threads,10.228073,10.526649,10.558296,5.530499
24.Threads,10.705919,10.794207,10.707240,5.506835
32.Threads,11.048018,11.104013,11.048340,5.773709
