Size_4,Default,GOMP_CPU_AFFINITY_Interlieving,GOMP_CPU_AFFINITY_bindingSocket0_then_Socket1,numactl_interleave_all_only
1.Threads,23.217157,22.980991,22.976142,25.833632
2.Threads,11.576907,11.680535,13.285212,13.508081
4.Threads,8.447199,7.346502,12.766455,9.237674
8.Threads,8.417721,8.218219,13.947178,10.328978
10.Threads,6.211351,5.587491,11.907023,8.070116
12.Threads,6.280656,6.313695,12.127924,7.222510
16.Threads,6.575380,5.718909,11.881611,6.435076
24.Threads,6.934907,5.894252,8.440967,5.781953
32.Threads,6.716033,6.111970,6.040016,5.814575
