Size_3,Default,GOMP_CPU_AFFINITY_Interlieving,GOMP_CPU_AFFINITY_bindingSocket0_then_Socket1,numactl_interleave_all_only
1.Threads,5.024546,5.059793,5.043774,5.778037
2.Threads,2.656795,2.678927,2.924231,3.022289
4.Threads,3.021724,2.514648,3.448358,2.942362
8.Threads,3.385039,3.340900,5.564250,4.291431
10.Threads,1.854503,1.357597,3.091622,2.178219
12.Threads,1.486880,1.393727,3.119753,1.777664
16.Threads,1.779414,1.411661,2.864354,1.586084
24.Threads,1.828829,1.483742,1.993560,1.400164
32.Threads,1.622706,1.561463,1.529822,1.444508
