Size_5,Default,GOMP_CPU_AFFINITY_Interlieving,GOMP_CPU_AFFINITY_bindingSocket0_then_Socket1,numactl_interleave_all_only
1.Threads,56.400877,54.345712,54.351918,59.916121
2.Threads,27.680038,27.789449,29.978661,31.252663
4.Threads,19.214671,15.086201,25.065469,17.712220
8.Threads,16.247778,15.487245,28.522652,19.259473
10.Threads,12.888616,11.673333,25.687207,20.132023
12.Threads,12.501191,11.540164,26.575730,17.267199
16.Threads,13.079029,12.311641,26.354025,15.103490
24.Threads,15.338819,12.851493,18.313032,12.886155
32.Threads,14.428826,14.683106,14.522327,14.118944
