Size_2,Default,GOMP_CPU_AFFINITY_Interlieving,GOMP_CPU_AFFINITY_bindingSocket0_then_Socket1,numactl_interleave_all_only
1.Threads,0.824802,0.831828,0.828975,0.938718
2.Threads,0.356230,0.357496,0.469645,0.488291
4.Threads,0.797558,0.792381,0.836363,0.823009
8.Threads,0.788801,0.742552,1.454046,1.323087
10.Threads,0.094885,0.093680,0.413502,0.275482
12.Threads,0.087119,0.063522,0.434383,0.261920
16.Threads,0.095509,0.050986,0.389914,0.230232
24.Threads,0.090792,0.062326,0.120924,0.079809
32.Threads,0.061607,0.053304,0.048129,0.046664
