Size_1,Default,GOMP_CPU_AFFINITY_Interlieving,GOMP_CPU_AFFINITY_bindingSocket0_then_Socket1,numactl_interleave_all_only
1.Threads,0.392107,0.389970,0.391625,0.416815
2.Threads,0.192737,0.195274,0.196370,0.209961
4.Threads,0.666910,0.574265,0.499487,0.464714
8.Threads,0.467392,0.427888,0.643986,0.697237
10.Threads,0.280611,0.062769,0.129633,0.133090
12.Threads,0.072355,0.036604,0.092121,0.109582
16.Threads,0.048064,0.027098,0.056583,0.052229
24.Threads,0.039796,0.033523,0.035096,0.033278
32.Threads,0.028319,0.027337,0.026109,0.025445
