Size_4,KMP_AFFINITY_compact,KMP_AFFINITY_scatter
1.Threads,28.880041,28.801009
2.Threads,32.296108,14.155135
4.Threads,17.278251,10.655644
8.Threads,11.242992,10.427245
10.Threads,11.194897,10.537947
12.Threads,11.348585,10.644790
16.Threads,11.646589,10.835733
24.Threads,10.971253,11.041480
32.Threads,11.549551,11.249728
