Size_1,KMP_AFFINITY_compact,KMP_AFFINITY_scatter
1.Threads,0.440814,0.474206
2.Threads,0.423078,0.212001
4.Threads,0.359864,0.108387
8.Threads,0.159599,0.057863
10.Threads,0.560173,0.049555
12.Threads,0.086707,0.055270
16.Threads,0.074629,0.046540
24.Threads,0.068889,0.201003
32.Threads,0.045353,0.055956
