Size_5,Default,GOMP_CPU_AFFINITY_Interlieving,GOMP_CPU_AFFINITY_bindingSocket0_then_Socket1,numactl_interleave_all_only
1.Threads,52.684888,53.054600,52.872916,60.295125
2.Threads,33.156519,33.368065,29.149399,28.933195
4.Threads,23.308077,23.368971,22.737467,17.015506
8.Threads,22.628049,22.696366,22.507293,12.693009
10.Threads,23.039466,23.009211,22.659768,15.055265
12.Threads,23.172027,23.210805,24.386516,14.175585
16.Threads,23.421242,23.689007,25.833371,12.814862
24.Threads,24.331988,24.469862,24.543727,12.468623
32.Threads,24.524823,25.302405,25.986067,12.484162
