Size_3,Default,GOMP_CPU_AFFINITY_Interlieving,GOMP_CPU_AFFINITY_bindingSocket0_then_Socket1,numactl_interleave_all_only
1.Threads,5.103753,5.110606,5.105645,5.789898
2.Threads,2.556730,2.557352,2.948657,3.007488
4.Threads,1.675605,1.467762,2.448982,1.680404
8.Threads,1.274764,1.230306,2.582593,1.514955
10.Threads,1.261057,1.244228,2.556176,1.648270
12.Threads,1.288232,1.270867,2.654376,1.582526
16.Threads,1.425764,1.318476,2.764865,1.604348
24.Threads,1.433026,1.340873,1.844947,1.359943
32.Threads,1.365073,1.381844,1.382153,1.382650
