Size_2,Default,KMP_AFFINITY_compact,KMP_AFFINITY_scatter
1.Threads,0.826068,0.865816,0.856176
2.Threads,0.461976,0.814500,0.386533
4.Threads,0.364682,0.452198,0.293319
8.Threads,0.187704,0.295332,0.149062
10.Threads,0.190171,0.292508,0.133544
12.Threads,0.167496,0.279442,0.111727
16.Threads,0.123848,0.275476,0.122984
24.Threads,0.125146,0.149339,0.102880
32.Threads,0.164133,0.179200,0.179030
