Size_1,Default,KMP_AFFINITY_compact,KMP_AFFINITY_scatter
1.Threads,0.400659,0.453763,0.412503
2.Threads,0.211353,0.417331,0.214623
4.Threads,0.128566,0.219323,0.160176
8.Threads,0.071415,0.104931,0.081901
10.Threads,0.080814,0.085916,0.068741
12.Threads,0.072506,0.079145,0.062513
16.Threads,0.053031,0.072123,0.045462
24.Threads,0.040135,0.055773,0.063462
32.Threads,0.319387,0.155936,0.139733
