Size_5,Default,KMP_AFFINITY_compact,KMP_AFFINITY_scatter
1.Threads,53.586889,52.740640,52.780656
2.Threads,29.449661,53.659864,26.900129
4.Threads,17.189215,30.726134,19.739958
8.Threads,13.510995,22.112940,15.302859
10.Threads,14.008575,22.297817,14.057184
12.Threads,12.786701,22.560577,13.122453
16.Threads,14.037439,22.601460,12.679550
24.Threads,14.745421,16.460872,14.880925
32.Threads,12.657867,12.332551,15.261409
