Size_2,KMP_AFFINITY_compact,KMP_AFFINITY_scatter
1.Threads,1.084177,1.079381
2.Threads,1.065255,0.388746
4.Threads,0.558647,0.197116
8.Threads,0.714667,0.104729
10.Threads,0.431443,0.087861
12.Threads,0.428459,0.078200
16.Threads,0.443998,0.070467
24.Threads,0.133266,0.125108
32.Threads,0.067886,0.085829
