Size_5,Default,GOMP_CPU_AFFINITY_Interlieving,GOMP_CPU_AFFINITY_bindingSocket0_then_Socket1,numactl_interleave_all_only
1.Threads,60.642856,53.102580,52.893380,59.016438
2.Threads,26.408766,26.395426,29.236990,31.402776
4.Threads,17.764363,14.585252,22.742788,16.554835
8.Threads,11.968247,11.530167,22.499655,15.586673
10.Threads,11.451286,11.083875,22.710751,15.863906
12.Threads,11.355173,11.011437,24.581679,14.824881
16.Threads,12.685368,11.367208,25.837397,14.939941
24.Threads,14.134058,12.153992,17.204019,12.652247
32.Threads,12.405433,12.779838,12.979645,13.114505
