Size_3,Default,GOMP_CPU_AFFINITY_Interlieving,GOMP_CPU_AFFINITY_bindingSocket0_then_Socket1,numactl_interleave_all_only
1.Threads,4.941485,4.932999,4.960274,5.556068
2.Threads,2.474404,2.479814,2.844889,2.943477
4.Threads,1.441421,1.437602,2.398699,1.719754
8.Threads,1.229347,1.248252,2.554300,1.724968
10.Threads,1.279133,1.283817,2.408754,1.670866
12.Threads,1.243255,1.227544,2.565695,1.589534
16.Threads,1.406818,1.273069,2.765838,1.638795
24.Threads,1.400274,1.306634,1.895210,1.415802
32.Threads,1.367354,1.381712,1.510220,1.450935
