Size_1,Default,GOMP_CPU_AFFINITY_Interlieving,GOMP_CPU_AFFINITY_bindingSocket0_then_Socket1,numactl_interleave_all_only
1.Threads,0.372783,0.372734,0.371281,0.377021
2.Threads,0.185737,0.185791,0.187515,0.187888
4.Threads,0.094630,0.094941,0.094405,0.095375
8.Threads,0.048842,0.048694,0.047921,0.048416
10.Threads,0.039621,0.039369,0.074655,0.074960
12.Threads,0.063448,0.033541,0.062722,0.063830
16.Threads,0.048140,0.026296,0.047609,0.048454
24.Threads,0.036458,0.033994,0.033089,0.032937
32.Threads,0.206827,0.027636,0.025011,0.025100
