Size_2,Default,GOMP_CPU_AFFINITY_Interlieving,GOMP_CPU_AFFINITY_bindingSocket0_then_Socket1,numactl_interleave_all_only
1.Threads,0.807023,0.818029,0.816414,0.928823
2.Threads,0.336711,0.339659,0.442255,0.493600
4.Threads,0.170827,0.170427,0.346010,0.278024
8.Threads,0.087013,0.086921,0.363983,0.261042
10.Threads,0.074009,0.070403,0.355481,0.234109
12.Threads,0.060128,0.059790,0.364321,0.226459
16.Threads,0.087112,0.046042,0.492484,0.256748
24.Threads,0.143553,0.058948,0.073324,0.067427
32.Threads,0.276287,0.047323,0.044594,0.044525
