Size_4,Default,GOMP_CPU_AFFINITY_Interlieving,GOMP_CPU_AFFINITY_bindingSocket0_then_Socket1,numactl_interleave_all_only
1.Threads,28.085267,22.988318,23.053402,25.992218
2.Threads,11.513332,11.482225,13.016000,13.717368
4.Threads,7.390397,6.471126,10.327268,7.372015
8.Threads,5.376112,5.207746,9.888038,6.830764
10.Threads,5.392053,4.914637,10.017016,6.868216
12.Threads,5.119571,4.894440,10.661561,6.463474
16.Threads,5.608516,5.010119,11.306466,6.523029
24.Threads,5.833283,5.278185,7.623943,5.626109
32.Threads,5.389993,5.495667,5.676474,5.780550
