Size_3,KMP_AFFINITY_compact,KMP_AFFINITY_scatter
1.Threads,5.281655,5.307635
2.Threads,5.585502,3.167755
4.Threads,3.203941,2.377109
8.Threads,2.456879,2.410532
10.Threads,2.540592,2.481407
12.Threads,2.750451,1.943355
16.Threads,2.798345,2.625030
24.Threads,2.664664,2.639711
32.Threads,2.809604,2.758338
