Size_2,Default,GOMP_CPU_AFFINITY_Interlieving,GOMP_CPU_AFFINITY_bindingSocket0_then_Socket1,numactl_interleave_all_only
1.Threads,2.276210,2.266461,2.282374,2.661862
2.Threads,0.854922,0.851285,1.229773,0.855341
4.Threads,0.437886,0.435738,0.800291,0.437953
8.Threads,0.230168,0.229032,0.642894,0.230090
10.Threads,0.188419,0.188808,0.715301,0.188434
12.Threads,0.161567,0.161755,0.708787,0.161637
16.Threads,0.129138,0.129762,0.670277,0.128995
24.Threads,0.154121,0.156052,0.162283,0.154294
32.Threads,0.183733,0.130519,0.126822,1.343931
