Size_5,Default,KMP_AFFINITY_compact,KMP_AFFINITY_scatter
1.Threads,52.043118,52.497810,52.382076
2.Threads,29.173150,53.736464,26.123085
4.Threads,17.149504,30.503053,14.794247
8.Threads,12.980754,24.548185,11.704879
10.Threads,12.490700,25.480879,11.594678
12.Threads,12.621569,26.455881,11.805020
16.Threads,12.676469,27.566073,12.376477
24.Threads,14.952779,18.434860,12.863218
32.Threads,13.404899,13.513669,13.464260
