Size_2,Default,GOMP_CPU_AFFINITY_Interlieving,GOMP_CPU_AFFINITY_bindingSocket0_then_Socket1,numactl_interleave_all_only
1.Threads,0.816296,0.812736,0.806246,0.929907
2.Threads,0.343787,0.343817,0.442728,0.493754
4.Threads,0.171465,0.250528,0.372373,0.284402
8.Threads,0.116621,0.161900,0.381695,0.272733
10.Threads,0.106897,0.137589,0.429778,0.336093
12.Threads,0.086681,0.128659,0.435074,0.318887
16.Threads,0.119380,0.114637,0.562793,0.273812
24.Threads,0.101615,0.116199,0.115163,0.112610
32.Threads,0.112681,0.136754,0.121847,0.094503
