Size_3,Default,GOMP_CPU_AFFINITY_Interlieving,GOMP_CPU_AFFINITY_bindingSocket0_then_Socket1,numactl_interleave_all_only
1.Threads,4.949945,4.962237,4.953289,5.569280
2.Threads,2.743519,2.509661,2.850463,2.955746
4.Threads,1.607243,1.935371,2.578959,1.887099
8.Threads,1.248677,1.550653,2.571996,1.839951
10.Threads,1.284654,1.533486,2.898194,2.107696
12.Threads,1.264900,1.582601,2.913202,1.834429
16.Threads,1.276261,1.537544,2.776032,1.637660
24.Threads,1.403555,1.397377,1.863890,1.423037
32.Threads,1.508707,1.511791,1.493154,1.532270
