Size_5,KMP_AFFINITY_compact,KMP_AFFINITY_scatter
1.Threads,37.887213,37.997647
2.Threads,37.058434,19.189872
4.Threads,20.776582,10.770859
8.Threads,17.812855,8.491850
10.Threads,22.666093,9.170684
12.Threads,21.646241,8.422236
16.Threads,20.179380,8.876683
24.Threads,13.037399,9.641249
32.Threads,9.928444,10.373559
