Size_2,KMP_AFFINITY_compact,KMP_AFFINITY_scatter
1.Threads,2.299224,2.299749
2.Threads,1.983122,0.834758
4.Threads,1.091113,0.425558
8.Threads,0.755393,0.221273
10.Threads,0.718767,0.180968
12.Threads,0.723907,0.153254
16.Threads,0.672561,0.120740
24.Threads,0.158337,0.149504
32.Threads,0.145035,0.120585
