Size_1,KMP_AFFINITY_compact,KMP_AFFINITY_scatter
1.Threads,0.230516,0.229647
2.Threads,0.210436,0.118925
4.Threads,0.107746,0.061642
8.Threads,0.056225,0.033286
10.Threads,0.070886,0.027737
12.Threads,0.039077,0.023899
16.Threads,0.030518,0.019304
24.Threads,0.023539,0.192140
32.Threads,0.019634,0.021243
