Size_4,KNL_Default,KNL_KMP_AFFINITY_compact,KNL_KMP_AFFINITY_scatter
1.Threads,60.370278,60.540830,60.482500
2.Threads,30.963775,50.883990,30.919955
4.Threads,16.536509,46.852018,16.530679
8.Threads,8.416170,25.066364,8.431180
10.Threads,6.844140,20.093048,6.846644
12.Threads,5.791139,16.810062,5.802257
16.Threads,4.675547,12.661860,4.683794
24.Threads,4.299775,8.539128,4.312068
32.Threads,4.411679,6.635655,4.424513
