Size_1,KNL_Default,KNL_KMP_AFFINITY_compact,KNL_KMP_AFFINITY_scatter
1.Threads,1.419898,1.427885,1.423914
2.Threads,0.738287,1.197699,0.743219
4.Threads,0.411314,1.089458,0.420246
8.Threads,0.230505,0.594154,0.240044
10.Threads,0.199505,0.488689,0.208894
12.Threads,0.177545,0.419545,0.188892
16.Threads,0.148800,0.328654,0.158371
24.Threads,0.128227,0.244278,0.139246
32.Threads,0.106121,0.201707,0.116238
