Size_2,KNL_Default,KNL_KMP_AFFINITY_compact,KNL_KMP_AFFINITY_scatter
1.Threads,2.483273,2.488917,2.479352
2.Threads,1.272472,2.082310,1.280302
4.Threads,0.696532,1.875454,0.702867
8.Threads,0.372246,1.018010,0.380867
10.Threads,0.312298,0.827941,0.321554
12.Threads,0.273487,0.706665,0.281869
16.Threads,0.226898,0.544969,0.236561
24.Threads,0.212660,0.384572,0.221700
32.Threads,0.204523,0.310821,0.215919
