Size_5,KNL_Default,KNL_KMP_AFFINITY_compact,KNL_KMP_AFFINITY_scatter
1.Threads,135.572727,135.936970,135.818409
2.Threads,71.261016,116.435487,71.554396
4.Threads,37.895961,105.333239,38.010519
8.Threads,19.427456,55.987709,19.457858
10.Threads,15.685110,45.142904,15.697704
12.Threads,13.332028,37.685625,13.331557
16.Threads,10.903190,28.364903,10.926432
24.Threads,9.958891,19.056459,11.421780
32.Threads,10.235862,14.796876,10.323083
