Size_3,KNL_Default,KNL_KMP_AFFINITY_compact,KNL_KMP_AFFINITY_scatter
1.Threads,15.025257,15.020094,15.039298
2.Threads,7.647718,12.722628,7.659437
4.Threads,4.090538,11.532831,4.113060
8.Threads,2.104322,6.319995,2.116510
10.Threads,1.706801,5.063747,1.718600
12.Threads,1.455621,4.246304,1.462063
16.Threads,1.196223,3.214049,1.204082
24.Threads,1.104398,2.190009,1.116593
32.Threads,1.117191,1.693505,1.126978
