Size_2,omp_proc_bind_master,omp_proc_bind_spread,omp_proc_bind_close
1.Threads,0.826113,0.839510,0.829398
2.Threads,0.383145,0.381651,0.380726
4.Threads,0.820250,0.817036,0.873732
8.Threads,0.093940,0.094472,0.094249
10.Threads,0.077351,0.077367,0.077240
12.Threads,0.724510,0.739807,0.740765
16.Threads,0.760599,0.741361,0.745275
24.Threads,0.786970,0.808001,0.785884
32.Threads,0.865281,0.881736,0.869256
