Size_1,omp_proc_bind_master,omp_proc_bind_spread,omp_proc_bind_close
1.Threads,0.397286,0.396555,0.397015
2.Threads,0.208560,0.208755,0.209608
4.Threads,0.519147,0.530900,0.457796
8.Threads,0.054408,0.054074,0.054109
10.Threads,0.044940,0.041363,0.044917
12.Threads,0.420356,0.454010,0.442635
16.Threads,0.447704,0.448059,0.443653
24.Threads,0.489650,0.493531,0.491752
32.Threads,0.548530,0.590394,0.549495
