Size_5,omp_proc_bind_master,omp_proc_bind_spread,omp_proc_bind_close
1.Threads,52.335719,52.355208,52.206409
2.Threads,26.213086,26.799477,26.294507
4.Threads,19.312285,19.813540,17.822023
8.Threads,15.594403,15.756168,15.935563
10.Threads,15.835733,15.929219,15.729849
12.Threads,17.426501,18.139975,17.740286
16.Threads,20.286240,20.498632,19.976196
24.Threads,25.832688,25.911593,25.706391
32.Threads,29.685151,29.260349,29.624719
