Size_4,omp_proc_bind_master,omp_proc_bind_spread,omp_proc_bind_close
1.Threads,22.268371,22.204930,22.195293
2.Threads,11.453937,11.269796,11.227809
4.Threads,9.117252,9.309458,11.405864
8.Threads,7.922987,8.090757,7.974053
10.Threads,2.265960,2.274392,2.267892
12.Threads,9.810328,10.017367,9.517823
16.Threads,10.858553,10.990507,11.366204
24.Threads,13.972777,14.038596,14.213282
32.Threads,16.549943,16.854944,16.421624
