Size_3,omp_proc_bind_master,omp_proc_bind_spread,omp_proc_bind_close
1.Threads,5.214386,5.206021,5.214484
2.Threads,2.674013,2.665309,2.674458
4.Threads,4.022044,3.632382,3.153644
8.Threads,0.625952,0.626300,0.624513
10.Threads,0.479716,0.476982,0.476957
12.Threads,4.461405,4.365850,4.404221
16.Threads,4.927798,4.941569,4.997326
24.Threads,5.112037,5.159688,5.075548
32.Threads,5.238049,5.170145,5.212480
