Size_1,Default,GOMP_CPU_AFFINITY_Interlieving,GOMP_CPU_AFFINITY_bindingSocket0_then_Socket1,numactl_interleave_all_only
1.Threads,0.263535,0.264300,0.262783,0.263491
2.Threads,0.149649,0.151541,0.134631,0.150353
4.Threads,0.079803,0.080546,0.069684,0.079310
8.Threads,0.046449,0.046899,0.038450,0.046309
10.Threads,0.041847,0.041781,0.052164,0.041988
12.Threads,0.039316,0.039920,0.045058,0.039702
16.Threads,0.045158,0.039322,0.036160,0.044928
24.Threads,0.036638,0.038437,0.037615,0.036424
32.Threads,0.699291,0.034533,0.033472,0.766348
