Size_3,Default,GOMP_CPU_AFFINITY_Interlieving,GOMP_CPU_AFFINITY_bindingSocket0_then_Socket1,numactl_interleave_all_only
1.Threads,5.979692,5.095335,5.099938,5.694466
2.Threads,2.794310,2.607682,2.952412,3.021940
4.Threads,1.688959,1.557017,2.441250,1.682351
8.Threads,1.497144,1.407571,2.524832,1.541288
10.Threads,1.431272,1.339136,2.491512,1.660397
12.Threads,1.384990,1.368485,2.549262,1.588794
16.Threads,1.519884,1.402239,2.659100,1.592843
24.Threads,1.679743,1.439266,1.834648,1.367884
32.Threads,1.721377,1.451500,1.449519,1.412702
