Size_4,Default,GOMP_CPU_AFFINITY_Interlieving,GOMP_CPU_AFFINITY_bindingSocket0_then_Socket1,numactl_interleave_all_only
1.Threads,22.761599,22.819335,22.815181,25.428274
2.Threads,11.502370,11.309058,13.010310,13.294010
4.Threads,7.676514,6.641980,10.450025,7.245154
8.Threads,5.851453,5.412356,10.508370,6.169289
10.Threads,6.005002,5.383485,10.321789,6.764368
12.Threads,6.811882,5.553536,10.690941,6.405348
16.Threads,6.109945,5.469091,11.096187,6.485427
24.Threads,6.239445,5.591370,7.825269,5.711144
32.Threads,6.156224,5.884296,5.884277,5.923698
