Size_2,Default,GOMP_CPU_AFFINITY_Interlieving,GOMP_CPU_AFFINITY_bindingSocket0_then_Socket1,numactl_interleave_all_only
1.Threads,0.824933,0.824109,0.826074,0.932792
2.Threads,0.344999,0.350382,0.461724,0.485172
4.Threads,0.174814,0.175541,0.373717,0.264101
8.Threads,0.104002,0.089736,0.370862,0.226718
10.Threads,0.075545,0.073389,0.366236,0.238119
12.Threads,0.064544,0.063377,0.375188,0.231109
16.Threads,0.089591,0.048582,0.389926,0.238471
24.Threads,0.102298,0.061725,0.124378,0.079891
32.Threads,0.322302,0.055210,0.048006,0.047455
