Size_1,Default,GOMP_CPU_AFFINITY_Interlieving,GOMP_CPU_AFFINITY_bindingSocket0_then_Socket1,numactl_interleave_all_only
1.Threads,0.389570,0.390513,0.390477,0.411605
2.Threads,0.188346,0.187978,0.197935,0.208270
4.Threads,0.096193,0.095927,0.102843,0.107281
8.Threads,0.093069,0.049128,0.056469,0.054727
10.Threads,0.075219,0.039602,0.077961,0.078990
12.Threads,0.040107,0.034012,0.066429,0.067601
16.Threads,0.048022,0.026494,0.053481,0.052241
24.Threads,0.035034,0.034527,0.033856,0.033600
32.Threads,0.221469,0.028019,0.026583,0.026390
