Size_5,Default,GOMP_CPU_AFFINITY_Interlieving,GOMP_CPU_AFFINITY_bindingSocket0_then_Socket1,numactl_interleave_all_only
1.Threads,57.944944,54.075825,54.058700,59.819678
2.Threads,30.649490,26.854393,29.462040,31.608328
4.Threads,17.417272,14.835609,22.013197,16.849622
8.Threads,12.843284,11.429788,22.841520,14.016507
10.Threads,12.532981,11.100707,22.622594,15.349790
12.Threads,12.804809,11.272277,23.731210,14.689319
16.Threads,13.014448,11.828713,25.848274,15.010441
24.Threads,13.219038,12.616558,17.636292,12.886072
32.Threads,13.148040,13.304012,14.604731,13.441452
