Size_4,Default,KMP_AFFINITY_compact,KMP_AFFINITY_scatter
1.Threads,22.622380,22.415216,22.497892
2.Threads,12.197064,23.824775,11.244631
4.Threads,7.619761,13.381239,6.491074
8.Threads,6.190550,10.250662,5.355628
10.Threads,6.557945,10.291444,5.369460
12.Threads,6.787811,10.395664,5.460045
16.Threads,6.815784,10.857873,5.364645
24.Threads,6.996505,6.904553,5.719702
32.Threads,5.764500,5.616917,5.766694
