Size_3,Default,KMP_AFFINITY_compact,KMP_AFFINITY_scatter
1.Threads,5.300633,5.161087,5.215225
2.Threads,2.931778,5.651303,2.676606
4.Threads,2.424984,3.215118,1.592754
8.Threads,1.645109,2.560148,1.347365
10.Threads,1.805482,2.578693,1.379534
12.Threads,1.768096,2.600972,1.370331
16.Threads,1.871610,2.632473,1.418451
24.Threads,2.137690,1.563404,1.446939
32.Threads,1.663099,1.728918,1.432551
