Size_2,Default,KMP_AFFINITY_compact,KMP_AFFINITY_scatter
1.Threads,0.841774,0.842747,0.836747
2.Threads,0.455234,0.793002,0.382721
4.Threads,0.362038,0.453841,0.191504
8.Threads,0.199408,0.371352,0.097448
10.Threads,0.178703,0.376612,0.078843
12.Threads,0.156965,0.382932,0.067426
16.Threads,0.184707,0.392085,0.079649
24.Threads,0.114598,0.106335,0.064910
32.Threads,0.474529,0.166850,0.125760
