Size_5,Default,KMP_AFFINITY_compact,KMP_AFFINITY_scatter
1.Threads,53.396966,52.540912,52.401887
2.Threads,28.697036,53.483301,26.244942
4.Threads,17.531332,29.515259,14.814747
8.Threads,13.522972,22.867583,11.386633
10.Threads,13.284034,23.167851,11.318440
12.Threads,15.405565,23.890881,11.399482
16.Threads,12.810445,25.501887,11.535453
24.Threads,15.188404,16.421485,12.527486
32.Threads,13.485526,12.877187,12.697448
