Size_1,Default,KMP_AFFINITY_compact,KMP_AFFINITY_scatter
1.Threads,0.397041,0.400647,0.429658
2.Threads,0.215328,0.405043,0.208794
4.Threads,0.110339,0.204175,0.105943
8.Threads,0.057525,0.103763,0.054169
10.Threads,0.062886,0.083165,0.043284
12.Threads,0.068699,0.070817,0.051683
16.Threads,0.051742,0.055845,0.043828
24.Threads,0.036395,0.035357,0.036928
32.Threads,0.276823,0.102375,0.060507
