Size_5,omp_proc_bind_master,omp_proc_bind_spread,omp_proc_bind_close
1.Threads,52.618292,52.581051,52.597000
2.Threads,27.853683,29.444259,26.934234
4.Threads,17.308396,16.626805,17.548908
8.Threads,13.091394,11.797152,12.340510
10.Threads,12.374334,12.011576,12.131229
12.Threads,11.362767,11.543312,11.876694
16.Threads,11.747690,12.248185,12.111283
24.Threads,13.470274,14.213608,14.027114
32.Threads,12.322755,12.351400,12.478670
