Size_2,omp_proc_bind_master,omp_proc_bind_spread,omp_proc_bind_close
1.Threads,0.824458,0.817581,0.825867
2.Threads,0.391144,0.390983,0.390586
4.Threads,0.200099,0.237464,0.240554
8.Threads,0.102197,0.100527,0.101349
10.Threads,0.080321,0.080451,0.080306
12.Threads,0.067661,0.068249,0.075956
16.Threads,0.092955,0.094310,0.092732
24.Threads,0.063680,0.063595,0.063693
32.Threads,0.049434,0.049148,0.049404
