Size_4,omp_proc_bind_master,omp_proc_bind_spread,omp_proc_bind_close
1.Threads,22.538044,22.475376,22.537240
2.Threads,12.003120,11.331724,11.762686
4.Threads,7.206528,7.298873,7.061045
8.Threads,5.211790,5.248162,5.402618
10.Threads,5.369197,5.145055,5.183254
12.Threads,5.110369,5.401372,5.121847
16.Threads,5.186873,5.352671,5.297740
24.Threads,5.837724,6.504411,6.350808
32.Threads,5.537090,5.463222,5.478670
