Size_3,omp_proc_bind_master,omp_proc_bind_spread,omp_proc_bind_close
1.Threads,5.225614,5.291330,5.227167
2.Threads,2.638986,2.660410,2.650089
4.Threads,1.911576,1.687921,1.920903
8.Threads,1.248223,1.444154,1.332937
10.Threads,1.406720,1.244528,1.382947
12.Threads,1.382087,1.386423,1.384931
16.Threads,1.376296,1.273674,1.314320
24.Threads,1.520871,1.451250,1.543801
32.Threads,1.461144,1.422864,1.501143
