Size_1,omp_proc_bind_master,omp_proc_bind_spread,omp_proc_bind_close
1.Threads,0.384054,0.383545,0.384723
2.Threads,0.206818,0.206440,0.207191
4.Threads,0.104123,0.104326,0.103424
8.Threads,0.053036,0.053199,0.099826
10.Threads,0.043074,0.043099,0.042894
12.Threads,0.036459,0.036214,0.036117
16.Threads,0.051286,0.051399,0.051090
24.Threads,0.036060,0.036124,0.036113
32.Threads,0.145226,0.031547,0.121395
