Size_4,Default,GOMP_CPU_AFFINITY_Interlieving,GOMP_CPU_AFFINITY_bindingSocket0_then_Socket1,numactl_interleave_all_only
1.Threads,22.423142,22.508367,22.576490,25.424180
2.Threads,12.454214,11.263904,12.967551,13.220491
4.Threads,7.412065,6.664644,10.321300,7.231157
8.Threads,5.578642,5.364152,10.256284,6.128712
10.Threads,5.286229,5.296329,10.201959,6.760046
12.Threads,5.255044,5.351637,10.449212,6.373261
16.Threads,5.645350,5.421454,10.894699,6.415257
24.Threads,5.999329,5.545073,7.445041,5.466619
32.Threads,5.498136,5.700748,5.724166,5.521054
