Size_2,Default,GOMP_CPU_AFFINITY_Interlieving,GOMP_CPU_AFFINITY_bindingSocket0_then_Socket1,numactl_interleave_all_only
1.Threads,0.822136,0.821281,0.823580,0.929647
2.Threads,0.346735,0.350065,0.461234,0.483930
4.Threads,0.174415,0.175296,0.368496,0.257997
8.Threads,0.108123,0.089416,0.376507,0.220706
10.Threads,0.072329,0.072309,0.372825,0.234537
12.Threads,0.105566,0.062019,0.386222,0.229094
16.Threads,0.087477,0.048756,0.403465,0.231162
24.Threads,0.062596,0.060530,0.118859,0.078032
32.Threads,0.263131,0.051344,0.045905,0.045796
