Size_1,Default,GOMP_CPU_AFFINITY_Interlieving,GOMP_CPU_AFFINITY_bindingSocket0_then_Socket1,numactl_interleave_all_only
1.Threads,0.390132,0.388496,0.388926,0.416218
2.Threads,0.186587,0.188188,0.197975,0.208860
4.Threads,0.096411,0.096037,0.101213,0.106347
8.Threads,0.049209,0.049163,0.056468,0.055626
10.Threads,0.075923,0.039737,0.077860,0.080057
12.Threads,0.063462,0.033824,0.067383,0.068174
16.Threads,0.048338,0.026233,0.053890,0.052257
24.Threads,0.034060,0.033947,0.033317,0.033327
32.Threads,0.154233,0.027084,0.025407,0.025319
