Size_3,Default,GOMP_CPU_AFFINITY_Interlieving,GOMP_CPU_AFFINITY_bindingSocket0_then_Socket1,numactl_interleave_all_only
1.Threads,5.104198,5.094155,5.113574,5.782212
2.Threads,2.976599,2.607826,2.954451,3.008073
4.Threads,1.653133,1.543516,2.446567,1.681742
8.Threads,1.327132,1.338955,2.583331,1.514161
10.Threads,1.339191,1.345519,2.550717,1.643779
12.Threads,1.364520,1.375668,2.631201,1.569458
16.Threads,1.535953,1.422472,2.738164,1.589692
24.Threads,1.551022,1.452909,1.909264,1.349411
32.Threads,1.479950,1.490090,1.499066,1.374393
