Size_5,Default,GOMP_CPU_AFFINITY_Interlieving,GOMP_CPU_AFFINITY_bindingSocket0_then_Socket1,numactl_interleave_all_only
1.Threads,53.386018,53.622556,53.618135,60.351292
2.Threads,30.299931,26.722176,29.411730,31.181655
4.Threads,17.295301,14.968964,22.148866,16.718582
8.Threads,12.397644,11.464769,22.711002,13.811165
10.Threads,11.523258,11.221200,22.970401,15.246711
12.Threads,12.350475,11.359917,24.088978,14.477814
16.Threads,11.940329,11.796802,25.387571,14.743932
24.Threads,12.899469,12.375182,17.027864,12.444171
32.Threads,12.303994,12.969580,12.912483,12.614761
