Size_1,Default,KMP_AFFINITY_compact,KMP_AFFINITY_scatter
1.Threads,0.398438,0.421932,0.414489
2.Threads,0.209788,0.419946,0.209865
4.Threads,0.106381,0.210948,0.106596
8.Threads,0.053856,0.106636,0.054136
10.Threads,0.043270,0.085247,0.043412
12.Threads,0.036706,0.072100,0.036862
16.Threads,0.051694,0.055076,0.028037
24.Threads,0.036158,0.035623,0.036993
32.Threads,0.028376,0.027099,0.030251
