Size_3,Default,KMP_AFFINITY_compact,KMP_AFFINITY_scatter
1.Threads,5.214572,5.469455,5.410484
2.Threads,2.670467,5.873318,2.684104
4.Threads,1.788516,3.194875,1.563455
8.Threads,1.397533,2.394256,1.366193
10.Threads,1.481550,2.441702,1.392956
12.Threads,1.530838,2.487526,1.423271
16.Threads,1.435353,2.465304,1.480748
24.Threads,1.613499,1.736085,1.518664
32.Threads,1.521163,1.533115,1.577556
