Size_4,Default,KMP_AFFINITY_compact,KMP_AFFINITY_scatter
1.Threads,22.181060,22.723593,22.713352
2.Threads,11.131399,24.343241,11.159942
4.Threads,7.391231,13.418014,6.540388
8.Threads,5.498478,9.896524,5.415938
10.Threads,5.476708,9.852984,5.418100
12.Threads,5.513347,9.950591,5.504338
16.Threads,5.673124,10.453168,5.605848
24.Threads,5.736774,6.928138,5.804658
32.Threads,5.731850,6.093556,5.942270
