Size_2,Default,KMP_AFFINITY_compact,KMP_AFFINITY_scatter
1.Threads,0.820200,0.907049,0.910211
2.Threads,0.382282,0.843113,0.382093
4.Threads,0.218620,0.446681,0.193532
8.Threads,0.105382,0.306091,0.097671
10.Threads,0.090536,0.320649,0.078784
12.Threads,0.077761,0.338076,0.066883
16.Threads,0.093433,0.369306,0.051945
24.Threads,0.064378,0.116216,0.065430
32.Threads,0.050917,0.048427,0.054381
