Size_5,Default,KMP_AFFINITY_compact,KMP_AFFINITY_scatter
1.Threads,52.247608,53.604372,53.627015
2.Threads,26.319729,54.451882,26.267035
4.Threads,16.589422,29.940184,14.591383
8.Threads,12.202945,22.546963,11.466924
10.Threads,12.396847,23.033220,11.390971
12.Threads,12.194173,23.876943,11.622151
16.Threads,12.277423,24.510314,12.156466
24.Threads,13.442626,16.355895,12.904620
32.Threads,12.597916,13.355670,13.785224
