Size_1,KMP_AFFINITY_compact,KMP_AFFINITY_scatter,omp_proc_bind_spread,omp_proc_bind_close
1.Threads,0.215638,0.216685,0.208756,0.208608
2.Threads,0.196979,0.111434,0.112639,0.112660
4.Threads,0.100651,0.057481,0.059558,0.059581
8.Threads,0.052274,0.031367,0.064450,0.054714
10.Threads,0.240919,0.026070,0.028773,0.039047
12.Threads,0.036258,0.022475,0.094641,0.040182
16.Threads,0.028539,0.018116,0.250881,0.032961
24.Threads,0.022254,0.056960,0.236421,0.207407
32.Threads,0.018352,0.019868,0.255488,0.227654
