Size_3,KMP_AFFINITY_compact,KMP_AFFINITY_scatter,omp_proc_bind_spread,omp_proc_bind_close
1.Threads,8.824024,8.857752,9.160160,9.145129
2.Threads,7.757396,4.577144,4.576830,4.664069
4.Threads,4.833775,2.756488,3.849519,3.900065
8.Threads,4.424931,2.269300,2.641292,2.666548
10.Threads,4.628092,2.267569,2.858579,2.863049
12.Threads,4.777792,2.306430,2.806592,2.786602
16.Threads,5.038843,2.431460,3.016298,2.901664
24.Threads,3.349505,2.534253,3.323332,3.127337
32.Threads,2.547513,2.697108,4.371774,4.241299
