Size_4,KMP_AFFINITY_compact,KMP_AFFINITY_scatter,omp_proc_bind_master,omp_proc_bind_spread,omp_proc_bind_close
1.Threads,20.257114,20.554887,20.123222,19.883018,19.904210
2.Threads,18.388603,10.197321,11.362142,11.135399,12.261033
4.Threads,10.686231,6.027409,7.998257,7.880275,7.923470
8.Threads,8.949732,5.218876,5.971343,5.057991,5.199162
10.Threads,9.149376,5.199589,5.514784,5.393287,5.457429
12.Threads,9.405855,5.319116,5.403723,6.166579,5.598010
16.Threads,9.803668,5.637005,6.071891,5.915295,6.046267
24.Threads,6.592730,5.513679,6.124973,5.720078,6.130894
32.Threads,5.653660,5.804238,6.847013,6.724576,7.043503
