Size_3,KMP_AFFINITY_compact,KMP_AFFINITY_scatter,omp_proc_bind_master,omp_proc_bind_spread,omp_proc_bind_close
1.Threads,9.110155,9.119660,8.766681,8.755957,8.752771
2.Threads,7.923594,4.602681,5.033100,4.546631,4.552634
4.Threads,4.589334,2.824099,3.451101,3.318165,3.440534
8.Threads,3.828840,2.515225,2.553566,2.726312,2.621399
10.Threads,3.907145,2.496869,2.424935,2.386215,2.453861
12.Threads,4.068580,2.502651,2.550665,2.286291,2.362004
16.Threads,4.206654,2.549080,2.428267,2.425681,2.597800
24.Threads,2.829626,2.622436,2.794378,2.553661,2.748567
32.Threads,2.744337,2.716479,3.743925,3.522027,3.721860
