Size_1,KMP_AFFINITY_compact,KMP_AFFINITY_scatter,omp_proc_bind_master,omp_proc_bind_spread,omp_proc_bind_close
1.Threads,0.214506,0.207658,0.208667,0.208609,0.208636
2.Threads,0.196844,0.111448,0.112539,0.112473,0.112548
4.Threads,0.100850,0.057375,0.103184,0.103176,0.103205
8.Threads,0.052493,0.031448,0.112103,0.054274,0.054670
10.Threads,0.045511,0.026120,0.046072,0.045018,0.045768
12.Threads,0.036411,0.022589,0.039514,0.039391,0.039407
16.Threads,0.028369,0.018286,0.032273,0.032125,0.032387
24.Threads,0.034778,0.022639,0.045204,0.092124,0.056688
32.Threads,0.018362,0.019857,0.258716,0.267717,0.238669
