Size_5,KMP_AFFINITY_compact,KMP_AFFINITY_scatter,omp_proc_bind_master,omp_proc_bind_spread,omp_proc_bind_close
1.Threads,39.600902,39.528850,39.062976,38.736487,38.673500
2.Threads,38.121812,19.719109,20.359923,21.576971,19.646647
4.Threads,21.661212,11.221934,15.082557,14.984487,14.944995
8.Threads,16.981277,9.189193,9.424964,10.798790,9.729256
10.Threads,17.076163,9.107416,10.257956,10.135800,10.044917
12.Threads,17.495189,9.188240,10.060197,9.909248,10.278481
16.Threads,18.588241,9.789996,10.758380,10.786460,10.888262
24.Threads,12.448941,10.079900,11.482165,10.255681,10.687002
32.Threads,10.674825,10.838869,12.263146,12.410051,12.593205
