Size_3,omp_proc_bind_master,omp_proc_bind_spread,omp_proc_bind_close
1.Threads,5.231434,5.241343,5.233172
2.Threads,3.544201,3.100204,3.109884
4.Threads,2.824677,2.668951,2.708027
8.Threads,2.773099,2.618726,2.766055
10.Threads,2.747540,2.764379,2.781798
12.Threads,2.758045,2.775729,2.820433
16.Threads,2.837419,2.712290,2.837402
24.Threads,2.817718,2.795902,2.842550
32.Threads,2.794023,2.728121,2.778483
