Size_2,omp_proc_bind_master,omp_proc_bind_spread,omp_proc_bind_close
1.Threads,0.848837,0.870004,0.947090
2.Threads,0.444559,0.403355,0.453497
4.Threads,0.210398,0.194776,0.219292
8.Threads,0.115685,0.102877,0.127290
10.Threads,0.221974,0.163288,0.143377
12.Threads,0.148387,0.140414,0.144691
16.Threads,0.111171,0.103065,0.116997
24.Threads,0.083239,0.081818,0.080802
32.Threads,1.192387,1.077407,0.989647
