Size_1,omp_proc_bind_master,omp_proc_bind_spread,omp_proc_bind_close
1.Threads,0.459577,0.439818,0.462599
2.Threads,0.189047,0.187590,0.190759
4.Threads,0.096024,0.095949,0.097264
8.Threads,0.049917,0.050070,0.050083
10.Threads,0.075076,0.075014,0.075214
12.Threads,0.063384,0.064580,0.064677
16.Threads,0.049513,0.049684,0.049860
24.Threads,0.035322,0.035723,0.035630
32.Threads,1.176134,1.125401,1.043213
