Size_5,omp_proc_bind_master,omp_proc_bind_spread,omp_proc_bind_close
1.Threads,55.234270,54.072407,55.060704
2.Threads,35.727561,29.850519,35.520024
4.Threads,25.275942,24.882783,25.862717
8.Threads,24.825216,24.178573,24.718550
10.Threads,24.666438,24.218824,24.550424
12.Threads,24.705712,24.000895,24.651492
16.Threads,25.059753,24.430079,24.914244
24.Threads,25.511321,25.467541,25.452856
32.Threads,25.217730,25.277662,25.206957
