Size_2,Default,KMP_AFFINITY_compact,KMP_AFFINITY_scatter
1.Threads,0.827339,0.828403,0.827528
2.Threads,0.386018,0.796205,0.386188
4.Threads,0.692964,0.732077,0.928360
8.Threads,0.094161,0.138798,0.093897
10.Threads,0.077487,0.105339,0.077336
12.Threads,0.741216,1.387361,0.713589
16.Threads,0.749849,1.408517,0.696741
24.Threads,0.795327,0.837370,0.791845
32.Threads,0.854288,0.849997,0.846856
