Size_5,Default,KMP_AFFINITY_compact,KMP_AFFINITY_scatter
1.Threads,52.225145,52.213904,52.219477
2.Threads,29.297054,53.350019,26.428128
4.Threads,17.511877,31.725611,20.540608
8.Threads,14.908747,25.939489,17.425108
10.Threads,13.890399,6.584297,5.528500
12.Threads,16.474055,30.536930,18.086423
16.Threads,18.360306,37.259141,20.091850
24.Threads,23.905447,28.055930,24.668653
32.Threads,27.135896,28.584011,29.132342
