Size_3,omp_proc_bind_master,omp_proc_bind_spread,omp_proc_bind_close
1.Threads,5.163100,5.197297,5.216001
2.Threads,2.662859,2.676119,2.668621
4.Threads,1.925722,1.713258,1.906804
8.Threads,1.411376,1.348384,1.451938
10.Threads,1.351901,1.603613,1.549473
12.Threads,1.382302,1.418167,1.378883
16.Threads,1.545269,1.473783,1.588153
24.Threads,1.568070,1.569564,1.471438
32.Threads,1.493464,1.461873,1.406266
