Size_4,omp_proc_bind_master,omp_proc_bind_spread,omp_proc_bind_close
1.Threads,22.128680,22.216479,22.219575
2.Threads,11.369765,11.107115,11.158492
4.Threads,8.199418,7.597534,8.016098
8.Threads,5.430392,5.551684,5.422482
10.Threads,5.385678,5.489098,5.616432
12.Threads,5.670054,5.692760,5.517665
16.Threads,5.307258,5.550659,5.547528
24.Threads,5.643846,5.556863,5.808051
32.Threads,5.575801,5.550864,5.665934
