Size_2,omp_proc_bind_master,omp_proc_bind_spread,omp_proc_bind_close
1.Threads,0.829018,0.840747,0.826955
2.Threads,0.378770,0.383452,0.382924
4.Threads,0.235593,0.235523,0.192169
8.Threads,0.107798,0.105609,0.105851
10.Threads,0.079204,0.113230,0.088537
12.Threads,0.121408,0.122900,0.129530
16.Threads,0.094725,0.100405,0.093739
24.Threads,0.065683,0.066840,0.065139
32.Threads,0.271548,0.359125,0.255004
