Size_5,omp_proc_bind_master,omp_proc_bind_spread,omp_proc_bind_close
1.Threads,52.277416,52.248441,52.261642
2.Threads,26.340960,26.236637,28.651252
4.Threads,17.663238,17.310902,16.934225
8.Threads,11.575299,12.265334,12.913639
10.Threads,11.194727,11.580759,11.298229
12.Threads,11.765414,11.943060,11.520483
16.Threads,12.625573,12.144046,13.541751
24.Threads,14.715851,12.938943,13.249718
32.Threads,13.013901,12.852290,12.862627
