Size_1,omp_proc_bind_master,omp_proc_bind_spread,omp_proc_bind_close
1.Threads,0.429324,0.398078,0.398019
2.Threads,0.209190,0.209416,0.209184
4.Threads,0.105978,0.106020,0.106255
8.Threads,0.054169,0.054117,0.054690
10.Threads,0.046340,0.043214,0.046075
12.Threads,0.068307,0.036739,0.068012
16.Threads,0.051246,0.051439,0.051725
24.Threads,0.036092,0.035891,0.036250
32.Threads,0.211243,0.157270,0.146018
