Size_3,Default,GOMP_CPU_AFFINITY_Interlieving,GOMP_CPU_AFFINITY_bindingSocket0_then_Socket1,numactl_interleave_all_only
1.Threads,5.042168,5.087893,5.092290,5.783649
2.Threads,3.239016,3.268536,2.959906,2.781583
4.Threads,2.536571,2.497440,2.443507,1.585765
8.Threads,2.676309,2.486935,2.555720,1.313631
10.Threads,2.756279,2.533997,2.528189,1.324710
12.Threads,2.871344,2.578327,2.601845,1.351748
16.Threads,2.911053,2.637888,2.700912,1.406146
24.Threads,2.928146,2.704935,2.636350,1.443000
32.Threads,2.919847,2.769279,2.771294,1.439420
