Size_5,KMP_AFFINITY_compact,KMP_AFFINITY_scatter
1.Threads,38.200696,38.134287
2.Threads,37.203361,25.229471
4.Threads,20.790726,17.667014
8.Threads,17.820517,16.116963
10.Threads,22.575015,17.774101
12.Threads,21.661997,17.302092
16.Threads,20.143504,18.052943
24.Threads,18.882267,19.204831
32.Threads,19.539095,19.837052
