Size_5,Default,GOMP_CPU_AFFINITY_Interlieving,GOMP_CPU_AFFINITY_bindingSocket0_then_Socket1,GOMP_CPU_AFFINITY_cpubind_0_only_(socket0),GOMP_CPU_AFFINITY_cpubind_1_only_(socket1),numactl_interleave_all_only,numactl_cpubind_0_1_and_membind_0
1.Threads,39.560293,39.592621,39.440469,39.435269,39.818042,47.635490,55.254688
2.Threads,25.108901,26.526556,22.344512,22.198336,22.092112,25.266518,29.485549
4.Threads,18.878305,19.173667,18.289287,18.370396,17.902906,13.779018,20.160651
8.Threads,17.793895,17.979930,18.311227,18.287282,18.213337,11.477735,19.528344
10.Threads,18.253101,18.281146,19.000953,18.837732,18.708549,12.738394,20.228986
12.Threads,18.506548,18.427100,18.752987,18.637277,18.577781,11.552810,19.788989
16.Threads,19.269137,18.990281,19.145863,19.255485,19.145193,11.556094,20.453576
24.Threads,19.461246,19.468169,19.258221,19.394634,19.295735,12.035526,20.496160
32.Threads,20.097221,20.102112,20.185697,19.884636,19.842628,11.885287,20.893788
