Size_5,Default,GOMP_CPU_AFFINITY_Interlieving,GOMP_CPU_AFFINITY_bindingSocket0_then_Socket1,GOMP_CPU_AFFINITY_cpubind_0_only_(socket0),GOMP_CPU_AFFINITY_cpubind_1_only_(socket1),numactl_interleave_all_only,numactl_cpubind_0_1_and_membind_0
1.Threads,52.913228,53.109549,52.873248,53.049969,52.886347,60.570964,69.795765
2.Threads,32.864487,33.498575,29.330725,29.356489,29.197443,31.661564,36.417959
4.Threads,23.652270,23.411542,22.729896,22.705933,22.979124,16.777020,25.731309
8.Threads,22.559948,22.612650,22.369412,22.354200,22.302270,15.673767,24.021732
10.Threads,22.999558,22.935412,22.646424,22.659949,22.595568,16.108988,24.617708
12.Threads,23.171999,23.137846,24.484983,24.599159,24.449448,15.056417,26.145414
16.Threads,23.360199,23.591299,25.885813,25.888387,25.800354,15.206167,27.637963
24.Threads,24.381934,24.562258,24.611362,24.642455,24.572647,14.795683,26.372613
32.Threads,24.564625,25.396530,26.012730,25.446544,25.223106,15.255560,27.081503
