Size_5,Default,GOMP_CPU_AFFINITY_Interlieving,GOMP_CPU_AFFINITY_bindingSocket0_then_Socket1,numactl_interleave_all_only
1.Threads,46.203875,39.016352,39.123544,46.921153
2.Threads,23.007613,20.060476,21.937585,23.504461
4.Threads,11.700130,11.422940,17.416688,12.811492
8.Threads,9.275895,9.169492,17.346469,9.539684
10.Threads,8.978063,8.958969,17.997613,9.243491
12.Threads,8.965928,8.939764,17.857979,9.171393
16.Threads,10.744452,9.243237,18.808064,10.066710
24.Threads,10.262103,9.555922,12.831085,9.612784
32.Threads,10.516220,10.114093,9.849205,9.904735
