Size_3,Default,GOMP_CPU_AFFINITY_Interlieving,GOMP_CPU_AFFINITY_bindingSocket0_then_Socket1,numactl_interleave_all_only
1.Threads,9.370768,9.400249,9.425321,11.334468
2.Threads,4.880981,4.876181,5.321090,5.624851
4.Threads,2.913877,2.868749,4.269213,3.041963
8.Threads,2.283310,2.278229,4.157664,2.233141
10.Threads,2.225403,2.212875,4.282087,2.151234
12.Threads,2.230541,2.216782,4.267548,2.122562
16.Threads,2.612894,2.285439,4.399690,2.332568
24.Threads,2.516051,2.363448,2.998813,2.218245
32.Threads,2.557445,2.426041,2.340885,2.277940
