Size_2,KMP_AFFINITY_compact,KMP_AFFINITY_scatter
1.Threads,3.033914,2.285760
2.Threads,2.237705,0.838549
4.Threads,1.768638,0.430221
8.Threads,1.184811,0.226787
10.Threads,1.192192,0.191062
12.Threads,1.142328,0.162067
16.Threads,1.525934,0.131611
24.Threads,0.933137,0.248042
32.Threads,1.027461,0.140233
