Size_2,omp_proc_bind_master,omp_proc_bind_spread,omp_proc_bind_close
1.Threads,0.819760,0.827911,0.827038
2.Threads,0.380955,0.380955,0.381535
4.Threads,0.217672,0.216828,0.215689
8.Threads,0.104391,0.099186,0.099474
10.Threads,0.089615,0.087102,0.084951
12.Threads,0.072298,0.074434,0.116080
16.Threads,0.093280,0.093468,0.093164
24.Threads,0.071021,0.063989,0.065019
32.Threads,0.050166,0.052030,0.050468
