Size_3,omp_proc_bind_master,omp_proc_bind_spread,omp_proc_bind_close
1.Threads,5.205332,5.212725,5.133008
2.Threads,2.667839,2.668234,2.672260
4.Threads,1.771064,1.771741,1.731623
8.Threads,1.365594,1.372655,1.362080
10.Threads,1.362073,1.341663,1.381777
12.Threads,1.429417,1.588769,1.426090
16.Threads,1.285822,1.400039,1.509058
24.Threads,1.433478,1.498051,1.529320
32.Threads,1.478181,1.471803,1.480256
