Size_5,omp_proc_bind_master,omp_proc_bind_spread,omp_proc_bind_close
1.Threads,51.971382,51.970024,52.195819
2.Threads,29.850339,29.086141,29.136431
4.Threads,16.830489,16.927118,16.696909
8.Threads,13.027498,11.803370,12.333746
10.Threads,11.674895,11.608457,11.627092
12.Threads,11.520544,11.637092,12.015584
16.Threads,12.020919,11.840482,11.918610
24.Threads,13.640143,13.753170,13.299989
32.Threads,12.263189,12.209290,12.161131
