Size_1,omp_proc_bind_master,omp_proc_bind_spread,omp_proc_bind_close
1.Threads,0.397484,0.396281,0.406299
2.Threads,0.209116,0.208682,0.208924
4.Threads,0.105749,0.106212,0.105890
8.Threads,0.101521,0.053549,0.053687
10.Threads,0.043440,0.043090,0.042865
12.Threads,0.036314,0.036318,0.036276
16.Threads,0.051512,0.051662,0.051569
24.Threads,0.036197,0.036067,0.036156
32.Threads,0.028345,0.028319,0.028004
