Size_4,omp_proc_bind_master,omp_proc_bind_spread,omp_proc_bind_close
1.Threads,22.117126,22.061019,22.201279
2.Threads,12.000165,11.175298,11.924481
4.Threads,7.350528,7.946482,7.547730
8.Threads,5.330247,5.714765,5.310259
10.Threads,5.139158,5.357166,5.362917
12.Threads,5.646553,5.444077,5.233045
16.Threads,5.660308,5.466547,5.302067
24.Threads,5.512464,5.954009,5.541262
32.Threads,5.499634,5.533922,5.544354
