Size_3,Default,GOMP_CPU_AFFINITY_Interlieving,GOMP_CPU_AFFINITY_bindingSocket0_then_Socket1,numactl_interleave_all_only
1.Threads,10.320720,8.875992,8.852057,10.630532
2.Threads,6.255057,6.096897,4.933419,5.358354
4.Threads,4.223611,4.239239,4.001317,2.892754
8.Threads,3.939790,3.916709,4.039236,2.233859
10.Threads,4.075910,4.107392,4.236351,2.338285
12.Threads,4.181279,4.194094,4.277369,2.195261
16.Threads,4.347536,4.267886,4.234014,2.299249
24.Threads,4.424243,4.404503,4.337476,2.190708
32.Threads,4.517987,4.460746,4.467031,2.227583
