Size_1,Default,GOMP_CPU_AFFINITY_Interlieving,GOMP_CPU_AFFINITY_bindingSocket0_then_Socket1,numactl_interleave_all_only
1.Threads,0.235035,0.234064,0.234058,0.234756
2.Threads,0.122136,0.122062,0.119610,0.122127
4.Threads,0.064394,0.064417,0.062174,0.064465
8.Threads,0.036607,0.036836,0.034057,0.036546
10.Threads,0.031572,0.032057,0.047845,0.031379
12.Threads,0.028509,0.028823,0.041400,0.028195
16.Threads,0.034997,0.024978,0.033661,0.035129
24.Threads,0.029355,0.031831,0.029803,0.029428
32.Threads,1.710849,0.030682,0.029138,2.401696
