Size_4,omp_proc_bind_master,omp_proc_bind_spread,omp_proc_bind_close
1.Threads,27.229914,26.336904,26.627142
2.Threads,14.915120,14.639611,14.122068
4.Threads,10.501958,9.607216,10.535117
8.Threads,10.132777,9.166660,10.148126
10.Threads,9.554329,8.018201,10.226577
12.Threads,10.294413,10.299245,9.364491
16.Threads,10.334736,6.918150,10.286737
24.Threads,10.769426,10.698081,10.762275
32.Threads,10.721551,10.783454,10.811444
