Size_2,omp_proc_bind_master,omp_proc_bind_spread,omp_proc_bind_close
1.Threads,0.812109,0.811048,0.987226
2.Threads,0.334783,0.336624,0.336099
4.Threads,0.169613,0.169513,0.169232
8.Threads,0.087094,0.087255,0.087508
10.Threads,0.071152,0.071266,0.071436
12.Threads,0.061001,0.061072,0.060801
16.Threads,0.085560,0.085856,0.077024
24.Threads,0.060705,0.060686,0.060703
32.Threads,0.150874,0.163437,0.152828
