Size_3,omp_proc_bind_master,omp_proc_bind_spread,omp_proc_bind_close
1.Threads,5.452340,5.497942,5.446847
2.Threads,2.666427,2.868777,2.663305
4.Threads,2.407414,1.814725,3.064449
8.Threads,1.290968,1.395893,1.360555
10.Threads,1.322177,1.350782,1.366525
12.Threads,1.418877,1.461918,1.447545
16.Threads,1.278675,1.511762,1.544467
24.Threads,1.546147,1.511189,1.542783
32.Threads,1.439961,1.429022,1.408423
