Size_2,omp_proc_bind_master,omp_proc_bind_spread,omp_proc_bind_close
1.Threads,0.904869,0.915173,0.902987
2.Threads,0.383430,0.383103,0.382594
4.Threads,0.402502,0.258724,0.454796
8.Threads,0.128635,0.126698,0.130481
10.Threads,0.092432,0.086661,0.087226
12.Threads,0.073411,0.131876,0.082877
16.Threads,0.109660,0.099003,0.096452
24.Threads,0.063539,0.064187,0.067675
32.Threads,0.059869,0.065168,0.055837
