Size_5,omp_proc_bind_master,omp_proc_bind_spread,omp_proc_bind_close
1.Threads,53.145624,53.311319,53.214059
2.Threads,29.202269,29.318441,29.352581
4.Threads,16.757614,17.103478,17.397881
8.Threads,11.680505,12.078469,11.986091
10.Threads,12.161998,11.328201,11.673011
12.Threads,12.622855,11.673115,11.740639
16.Threads,11.928998,12.363794,12.178636
24.Threads,14.606876,13.220854,13.894903
32.Threads,12.287147,12.203361,12.225190
