Size_1,omp_proc_bind_master,omp_proc_bind_spread,omp_proc_bind_close
1.Threads,0.430561,0.449667,0.423290
2.Threads,0.210547,0.209457,0.208777
4.Threads,0.214329,0.127233,0.192968
8.Threads,0.068125,0.088148,0.053511
10.Threads,0.057458,0.079391,0.052915
12.Threads,0.050806,0.076261,0.055232
16.Threads,0.050943,0.056118,0.052307
24.Threads,0.041145,0.036241,0.037208
32.Threads,0.044322,0.043815,0.081588
