Size_4,omp_proc_bind_master,omp_proc_bind_spread,omp_proc_bind_close
1.Threads,22.651799,22.479597,22.637289
2.Threads,12.183543,12.601404,11.850057
4.Threads,8.300385,7.624347,7.306493
8.Threads,5.728841,5.411791,5.399291
10.Threads,5.748010,5.289374,5.331525
12.Threads,5.163144,5.418666,5.410382
16.Threads,6.258794,5.498028,5.489558
24.Threads,6.672371,5.463544,6.134356
32.Threads,5.502075,5.549800,5.564325
